"genes","isoforms"
"AT1G13350","AT1G13350_ID1"
"AT1G13350","AT1G13350_ID2"
"AT1G13350","AT1G13350_P1"
"AT1G01020","AT1G01020_P1"
"AT1G01020","AT1G01020_P5"
"AT1G01060","AT1G01060.2"
"AT1G01060","AT1G01060.3"
"AT1G01060","AT1G01060.4"
"AT1G01060","AT1G01060_JS31"
"AT1G01060","AT1G01060_P1"
"AT1G01060","AT1G01060_P7"
"AT1G01110","AT1G01110_P1"
"AT1G01110","AT1G01110_P2"
"AT1G01110","AT1G01110_s1"
"AT1G01160","AT1G01160.1"
"AT1G01160","AT1G01160_s1"
"AT1G01220","AT1G01220_P1"
"AT1G01220","AT1G01220_P4"
"AT1G01220","AT1G01220_P5"
"AT1G01220","AT1G01220_P6"
"AT1G01260","AT1G01260_P1"
"AT1G01260","AT1G01260_P3"
"AT1G01290","AT1G01290_P1"
"AT1G01290","AT1G01290_P2"
"AT1G01340","AT1G01340_JS2"
"AT1G01340","AT1G01340_P2"
"AT1G01370","AT1G01370_P2"
"AT1G01370","AT1G01370_P3"
"AT1G01448","AT1G01448_ID1"
"AT1G01448","AT1G01448_ID3"
"AT1G01520","AT1G01520_P1"
"AT1G01520","AT1G01520_P2"
"AT1G01520","AT1G01520_P3"
"AT1G01520","AT1G01520_P5"
"AT1G01550","AT1G01550_P1"
"AT1G01550","AT1G01550_P2"
"AT1G01690","AT1G01690.1"
"AT1G01690","AT1G01690_P1"
"AT1G01690","AT1G01690_P2"
"AT1G01690","AT1G01690_P3"
"AT1G01700","AT1G01700_P4"
"AT1G01700","AT1G01700_P5"
"AT1G01710","AT1G01710.1"
"AT1G01710","AT1G01710_JC10"
"AT1G01710","AT1G01710_JC8"
"AT1G01740","AT1G01740.1"
"AT1G01740","AT1G01740_P2"
"AT1G01740","AT1G01740_P3"
"AT1G01740","AT1G01740_P4"
"AT1G01740","AT1G01740_P5"
"AT1G01760","AT1G01760_ID29"
"AT1G01760","AT1G01760_ID3"
"AT1G01770","AT1G01770_ID7"
"AT1G01770","AT1G01770_P1"
"AT1G01830","AT1G01830_c1"
"AT1G01830","AT1G01830_P2"
"AT1G01860","AT1G01860_ID11"
"AT1G01860","AT1G01860_P1"
"AT1G01880","AT1G01880_ID2"
"AT1G01880","AT1G01880_P3"
"AT1G01910","AT1G01910_ID2"
"AT1G01910","AT1G01910_ID6"
"AT1G01920","AT1G01920_JS2"
"AT1G01920","AT1G01920_P2"
"AT1G02080","AT1G02080.1"
"AT1G02080","AT1G02080_P2"
"AT1G02090","AT1G02090_P1"
"AT1G02090","AT1G02090_P2"
"AT1G02090","AT1G02090_P3"
"AT1G02100","AT1G02100.1"
"AT1G02100","AT1G02100_ID161"
"AT1G02145","AT1G02145.3"
"AT1G02145","AT1G02145_ID332"
"AT1G02145","AT1G02145_ID474"
"AT1G02220","AT1G02220_ID4"
"AT1G02220","AT1G02220_P1"
"AT1G02260","AT1G02260_P1"
"AT1G02260","AT1G02260_P2"
"AT1G02300","AT1G02300_ID11"
"AT1G02300","AT1G02300_ID7"
"AT1G02300","AT1G02300_s1"
"AT1G02350","AT1G02350_c1"
"AT1G02350","AT1G02350_c2"
"AT1G02350","AT1G02350_c3"
"AT1G02350","AT1G02350_c4"
"AT1G02350","AT1G02350_c5"
"AT1G02500","AT1G02500.2"
"AT1G02500","AT1G02500_P1"
"AT1G02680","AT1G02680.1"
"AT1G02680","AT1G02680_c1"
"AT1G02680","AT1G02680_JS1"
"AT1G02840","AT1G02840.3"
"AT1G02840","AT1G02840_P1"
"AT1G02850","AT1G02850_P1"
"AT1G02850","AT1G02850_P3"
"AT1G02850","AT1G02850_P5"
"AT1G02880","AT1G02880.2"
"AT1G02880","AT1G02880_ID11"
"AT1G02880","AT1G02880_P3"
"AT1G02880","AT1G02880_P5"
"AT1G02930","AT1G02930.2"
"AT1G02930","AT1G02930_P1"
"AT1G02960","AT1G02960_P2"
"AT1G02960","AT1G02960_P4"
"AT1G03000","AT1G03000_ID4"
"AT1G03000","AT1G03000_P1"
"AT1G03010","AT1G03010_JS2"
"AT1G03010","AT1G03010_P1"
"AT1G03055","AT1G03055_P1"
"AT1G03055","AT1G03055_P2"
"AT1G03060","AT1G03060_JS7"
"AT1G03060","AT1G03060_P2"
"AT1G03080","AT1G03080.1"
"AT1G03080","AT1G03080_JC6"
"AT1G03090","AT1G03090_P1"
"AT1G03090","AT1G03090_P2"
"AT1G03100","AT1G03100_P1"
"AT1G03100","AT1G03100_s1"
"AT1G03190","AT1G03190_P1"
"AT1G03190","AT1G03190_s1"
"AT1G03210","AT1G03210_ID4"
"AT1G03210","AT1G03210_P1"
"AT1G03260","AT1G03260_c1"
"AT1G03260","AT1G03260_P1"
"AT1G03290","AT1G03290.1"
"AT1G03290","AT1G03290.2"
"AT1G03310","AT1G03310_P1"
"AT1G03310","AT1G03310_P2"
"AT1G03410","AT1G03410.1"
"AT1G03410","AT1G03410_c1"
"AT1G03457","AT1G03457_P1"
"AT1G03457","AT1G03457_P2"
"AT1G03470","AT1G03470_ID1"
"AT1G03470","AT1G03470_s2"
"AT1G03520","AT1G03520_ID4"
"AT1G03520","AT1G03520_P1"
"AT1G03550","AT1G03550.1"
"AT1G03550","AT1G03550_ID16"
"AT1G03550","AT1G03550_P4"
"AT1G03770","AT1G03770.1"
"AT1G03770","AT1G03770_ID2"
"AT1G03905","AT1G03905_P1"
"AT1G03905","AT1G03905_P3"
"AT1G03960","AT1G03960_c1"
"AT1G03960","AT1G03960_P1"
"AT1G03960","AT1G03960_P2"
"AT1G03960","AT1G03960_P3"
"AT1G04010","AT1G04010_ID3"
"AT1G04010","AT1G04010_P1"
"AT1G04020","AT1G04020.1"
"AT1G04020","AT1G04020_P1"
"AT1G04030","AT1G04030_P1"
"AT1G04030","AT1G04030_s1"
"AT1G04160","AT1G04160_c2"
"AT1G04160","AT1G04160_P1"
"AT1G04280","AT1G04280_c2"
"AT1G04280","AT1G04280_P1"
"AT1G04280","AT1G04280_P2"
"AT1G04300","AT1G04300.2"
"AT1G04300","AT1G04300_P1"
"AT1G04310","AT1G04310_c2"
"AT1G04310","AT1G04310_P1"
"AT1G04350","AT1G04350_c1"
"AT1G04350","AT1G04350_ID2"
"AT1G04350","AT1G04350_P1"
"AT1G04390","AT1G04390_JS4"
"AT1G04390","AT1G04390_P1"
"AT1G04425","AT1G04425.1"
"AT1G04425","AT1G04425_s1"
"AT1G04425","AT1G04425_s3"
"AT1G04570","AT1G04570_P1"
"AT1G04570","AT1G04570_P2"
"AT1G04600","AT1G04600_JS2"
"AT1G04600","AT1G04600_P1"
"AT1G04620","AT1G04620_JC2"
"AT1G04620","AT1G04620_P1"
"AT1G04810","AT1G04810_c1"
"AT1G04810","AT1G04810_P1"
"AT1G04830","AT1G04830.2"
"AT1G04830","AT1G04830_P1"
"AT1G04910","AT1G04910.1"
"AT1G04910","AT1G04910_ID1"
"AT1G04970","AT1G04970_P1"
"AT1G04970","AT1G04970_P2"
"AT1G04970","AT1G04970_P3"
"AT1G04990","AT1G04990.1"
"AT1G04990","AT1G04990_P6"
"AT1G05030","AT1G05030_P1"
"AT1G05030","AT1G05030_s2"
"AT1G05070","AT1G05070_P1"
"AT1G05070","AT1G05070_s1"
"AT1G05160","AT1G05160.1"
"AT1G05160","AT1G05160_ID3"
"AT1G05200","AT1G05200.2"
"AT1G05200","AT1G05200_ID1"
"AT1G05230","AT1G05230.4"
"AT1G05230","AT1G05230_ID6"
"AT1G05230","AT1G05230_P2"
"AT1G05310","AT1G05310_P1"
"AT1G05310","AT1G05310_s1"
"AT1G05320","AT1G05320.2"
"AT1G05320","AT1G05320_P1"
"AT1G05320","AT1G05320_P4"
"AT1G05360","AT1G05360_P1"
"AT1G05360","AT1G05360_s2"
"AT1G05380","AT1G05380.1"
"AT1G05380","AT1G05380.2"
"AT1G05380","AT1G05380_P3"
"AT1G05540","AT1G05540_JS1"
"AT1G05540","AT1G05540_P1"
"AT1G05540","AT1G05540_P2"
"AT1G05590","AT1G05590_P2"
"AT1G05590","AT1G05590_P3"
"AT1G05600","AT1G05600.1"
"AT1G05600","AT1G05600.2"
"AT1G05600","AT1G05600_P2"
"AT1G05630","AT1G05630_P1"
"AT1G05630","AT1G05630_P2"
"AT1G05670","AT1G05670_P1"
"AT1G05670","AT1G05670_P2"
"AT1G05710","AT1G05710_P10"
"AT1G05710","AT1G05710_P2"
"AT1G05710","AT1G05710_P3"
"AT1G05720","AT1G05720_JS1"
"AT1G05720","AT1G05720_P1"
"AT1G05750","AT1G05750.1"
"AT1G05750","AT1G05750_P2"
"AT1G05820","AT1G05820_P1"
"AT1G05820","AT1G05820_P3"
"AT1G05830","AT1G05830_JC5"
"AT1G05830","AT1G05830_P1"
"AT1G05830","AT1G05830_P4"
"AT1G05860","AT1G05860_P1"
"AT1G05860","AT1G05860_P2"
"AT1G05870","AT1G05870_P1"
"AT1G05870","AT1G05870_P2"
"AT1G05870","AT1G05870_s5"
"AT1G05900","AT1G05900_c1"
"AT1G05900","AT1G05900_P2"
"AT1G05900","AT1G05900_s1"
"AT1G05950","AT1G05950_JS2"
"AT1G05950","AT1G05950_JS3"
"AT1G05950","AT1G05950_P1"
"AT1G05950","AT1G05950_P4"
"AT1G05970","AT1G05970_P1"
"AT1G05970","AT1G05970_P2"
"AT1G06040","AT1G06040_c1"
"AT1G06040","AT1G06040_c2"
"AT1G06050","AT1G06050_JC3"
"AT1G06050","AT1G06050_P1"
"AT1G06070","AT1G06070_ID4"
"AT1G06070","AT1G06070_P1"
"AT1G06150","AT1G06150_P1"
"AT1G06150","AT1G06150_P2"
"AT1G06180","AT1G06180_P1"
"AT1G06180","AT1G06180_s1"
"AT1G06220","AT1G06220_P1"
"AT1G06220","AT1G06220_P2"
"AT1G06230","AT1G06230_P1"
"AT1G06230","AT1G06230_P2"
"AT1G06230","AT1G06230_P3"
"AT1G06265","AT1G06265.1"
"AT1G06265","AT1G06265_ID2"
"AT1G06265","AT1G06265_ID4"
"AT1G06270","AT1G06270_c1"
"AT1G06270","AT1G06270_P1"
"AT1G06370","AT1G06370_c2"
"AT1G06370","AT1G06370_ID14"
"AT1G06370","AT1G06370_ID16"
"AT1G06370","AT1G06370_ID19"
"AT1G06390","AT1G06390_P1"
"AT1G06390","AT1G06390_P2"
"AT1G06470","AT1G06470_ID4"
"AT1G06470","AT1G06470_ID8"
"AT1G06500","AT1G06500.1"
"AT1G06500","AT1G06500_ID4"
"AT1G06515","AT1G06515.2"
"AT1G06515","AT1G06515_ID2"
"AT1G06590","AT1G06590_JS12"
"AT1G06590","AT1G06590_P1"
"AT1G06645","AT1G06645.1"
"AT1G06645","AT1G06645_ID1"
"AT1G06645","AT1G06645_ID2"
"AT1G06645","AT1G06645_ID3"
"AT1G06700","AT1G06700_P1"
"AT1G06700","AT1G06700_P2"
"AT1G06710","AT1G06710_JS4"
"AT1G06710","AT1G06710_JS7"
"AT1G06710","AT1G06710_P2"
"AT1G06710","AT1G06710_P9"
"AT1G06710","AT1G06710_s1"
"AT1G06770","AT1G06770_P1"
"AT1G06770","AT1G06770_P2"
"AT1G06850","AT1G06850.1"
"AT1G06850","AT1G06850_ID4"
"AT1G06890","AT1G06890_P1"
"AT1G06890","AT1G06890_P3"
"AT1G06890","AT1G06890_P4"
"AT1G06910","AT1G06910_ID2"
"AT1G06910","AT1G06910_P1"
"AT1G06960","AT1G06960_P1"
"AT1G06960","AT1G06960_P2"
"AT1G07010","AT1G07010_ID1"
"AT1G07010","AT1G07010_P1"
"AT1G07050","AT1G07050_c1"
"AT1G07050","AT1G07050_P2"
"AT1G07200","AT1G07200_P2"
"AT1G07200","AT1G07200_s1"
"AT1G07220","AT1G07220_ID2"
"AT1G07220","AT1G07220_P1"
"AT1G07290","AT1G07290_JC10"
"AT1G07290","AT1G07290_P1"
"AT1G07350","AT1G07350_P1"
"AT1G07350","AT1G07350_P2"
"AT1G07350","AT1G07350_P4"
"AT1G07350","AT1G07350_P5"
"AT1G07380","AT1G07380_JS4"
"AT1G07380","AT1G07380_JS5"
"AT1G07420","AT1G07420_P1"
"AT1G07420","AT1G07420_s1"
"AT1G07570","AT1G07570_P1"
"AT1G07570","AT1G07570_P2"
"AT1G07620","AT1G07620_JS4"
"AT1G07620","AT1G07620_P1"
"AT1G07630","AT1G07630_JC3"
"AT1G07630","AT1G07630_P1"
"AT1G07640","AT1G07640_P1"
"AT1G07640","AT1G07640_P3"
"AT1G07700","AT1G07700_P1"
"AT1G07700","AT1G07700_P2"
"AT1G07720","AT1G07720_JC2"
"AT1G07720","AT1G07720_P2"
"AT1G07728","AT1G07728_ID1"
"AT1G07728","AT1G07728_ID2"
"AT1G07745","AT1G07745_ID17"
"AT1G07745","AT1G07745_ID50"
"AT1G07745","AT1G07745_ID59"
"AT1G07745","AT1G07745_ID8"
"AT1G07745","AT1G07745_P1"
"AT1G07745","AT1G07745_P5"
"AT1G07770","AT1G07770_P1"
"AT1G07770","AT1G07770_s1"
"AT1G07780","AT1G07780_P1"
"AT1G07780","AT1G07780_P10"
"AT1G07780","AT1G07780_P2"
"AT1G07820","AT1G07820.2"
"AT1G07820","AT1G07820_ID1"
"AT1G07880","AT1G07880.1"
"AT1G07880","AT1G07880_ID3"
"AT1G07910","AT1G07910_P1"
"AT1G07910","AT1G07910_P2"
"AT1G07960","AT1G07960_ID8"
"AT1G07960","AT1G07960_P4"
"AT1G08030","AT1G08030_P1"
"AT1G08030","AT1G08030_s1"
"AT1G08040","AT1G08040_ID177"
"AT1G08040","AT1G08040_P1"
"AT1G08060","AT1G08060_P1"
"AT1G08060","AT1G08060_P3"
"AT1G08070","AT1G08070_P1"
"AT1G08070","AT1G08070_s1"
"AT1G08110","AT1G08110_P1"
"AT1G08110","AT1G08110_P3"
"AT1G08110","AT1G08110_P4"
"AT3G47990","AT3G47990_JS9"
"AT3G47990","AT3G47990_P1"
"AT3G47990","AT3G47990_P4"
"AT3G48050","AT3G48050_P1"
"AT3G48050","AT3G48050_P2"
"AT3G49410","AT3G49410.1"
"AT3G49410","AT3G49410_s1"
"AT3G51620","AT3G51620_P2"
"AT3G51620","AT3G51620_P3"
"AT3G53570","AT3G53570.4"
"AT3G53570","AT3G53570_c1"
"AT3G53570","AT3G53570_P1"
"AT3G53570","AT3G53570_P2"
"AT3G53570","AT3G53570_s1"
"AT3G53830","AT3G53830_JS5"
"AT3G53830","AT3G53830_JS9"
"AT3G53830","AT3G53830_P1"
"AT3G53830","AT3G53830_P2"
"AT3G53830","AT3G53830_s6"
"AT3G54380","AT3G54380_ID5"
"AT3G54380","AT3G54380_ID8"
"AT3G54380","AT3G54380_P1"
"AT3G54390","AT3G54390_ID1"
"AT3G54390","AT3G54390_P1"
"AT3G54500","AT3G54500.1"
"AT3G54500","AT3G54500_ID81"
"AT3G54500","AT3G54500_ID93"
"AT3G54910","AT3G54910_ID10"
"AT3G54910","AT3G54910_ID11"
"AT3G54910","AT3G54910_ID12"
"AT3G54910","AT3G54910_ID7"
"AT3G54970","AT3G54970_ID2"
"AT3G54970","AT3G54970_P1"
"AT3G54970","AT3G54970_P6"
"AT3G55630","AT3G55630_ID114"
"AT3G55630","AT3G55630_ID197"
"AT3G55630","AT3G55630_P3"
"AT3G56860","AT3G56860_P3"
"AT3G56860","AT3G56860_P6"
"AT3G57340","AT3G57340_ID2"
"AT3G57340","AT3G57340_P1"
"AT3G57680","AT3G57680_ID15"
"AT3G57680","AT3G57680_ID4"
"AT3G57680","AT3G57680_P1"
"AT3G57680","AT3G57680_P2"
"AT3G57770","AT3G57770_ID3"
"AT3G57770","AT3G57770_P1"
"AT3G57780","AT3G57780_P3"
"AT3G57780","AT3G57780_P4"
"AT3G58980","AT3G58980.1"
"AT3G58980","AT3G58980_ID1"
"AT3G58980","AT3G58980_ID2"
"AT3G59210","AT3G59210_P1"
"AT3G59210","AT3G59210_P2"
"AT3G59210","AT3G59210_P3"
"AT3G59410","AT3G59410.1"
"AT3G59410","AT3G59410_JC4"
"AT3G60910","AT3G60910_ID2"
"AT3G60910","AT3G60910_ID3"
"AT3G60910","AT3G60910_P1"
"AT3G60910","AT3G60910_P2"
"AT3G61600","AT3G61600_P1"
"AT3G61600","AT3G61600_P2"
"AT3G62330","AT3G62330_JS1"
"AT3G62330","AT3G62330_JS7"
"AT3G62330","AT3G62330_P1"
"AT3G62750","AT3G62750_ID15"
"AT3G62750","AT3G62750_P2"
"AT3G63180","AT3G63180.2"
"AT3G63180","AT3G63180_P1"
"AT3G63340","AT3G63340_JC19"
"AT3G63340","AT3G63340_JC3"
"AT3G63340","AT3G63340_P1"
"AT3G63340","AT3G63340_P7"
"AT3G63370","AT3G63370_c1"
"AT3G63370","AT3G63370_c2"
"AT3G63370","AT3G63370_P1"
"AT3G63400","AT3G63400.1"
"AT3G63400","AT3G63400.3"
"AT3G63440","AT3G63440.1"
"AT3G63440","AT3G63440_ID2"
"AT3G63440","AT3G63440_ID3"
"AT3G63445","AT3G63445_ID3"
"AT3G63445","AT3G63445_JC6"
"AT3G63445","AT3G63445_JS1"
"AT3G63445","AT3G63445_s1"
"AT3G63450","AT3G63450_JC15"
"AT3G63450","AT3G63450_P3"
"AT3G63450","AT3G63450_P6"
"AT4G00040","AT4G00040.1"
"AT4G00040","AT4G00040_ID1"
"AT4G00955","AT4G00955_P1"
"AT4G00955","AT4G00955_P2"
"AT4G01510","AT4G01510_ID7"
"AT4G01510","AT4G01510_P1"
"AT4G01915","AT4G01915_P1"
"AT4G01915","AT4G01915_P2"
"AT4G01915","AT4G01915_P4"
"AT4G02260","AT4G02260_P1"
"AT4G02260","AT4G02260_P2"
"AT4G02920","AT4G02920_P1"
"AT4G02920","AT4G02920_P2"
"AT4G03230","AT4G03230.1"
"AT4G03230","AT4G03230_P4"
"AT4G03230","AT4G03230_P5"
"AT4G03230","AT4G03230_P7"
"AT4G10730","AT4G10730_ID6"
"AT4G10730","AT4G10730_P1"
"AT4G10730","AT4G10730_s1"
"AT4G13810","AT4G13810.1"
"AT4G13810","AT4G13810_P1"
"AT4G16765","AT4G16765_P1"
"AT4G16765","AT4G16765_P4"
"AT4G16765","AT4G16765_s2"
"AT4G18260","AT4G18260.1"
"AT4G18260","AT4G18260_c4"
"AT4G18740","AT4G18740.2"
"AT4G18740","AT4G18740_ID1"
"AT4G18740","AT4G18740_ID3"
"AT4G19670","AT4G19670_P2"
"AT4G19670","AT4G19670_P3"
"AT4G19985","AT4G19985.1"
"AT4G19985","AT4G19985_ID5"
"AT4G19985","AT4G19985_P6"
"AT4G19985","AT4G19985_P7"
"AT4G19990","AT4G19990_P2"
"AT4G19990","AT4G19990_P3"
"AT4G19990","AT4G19990_P4"
"AT4G19990","AT4G19990_P6"
"AT4G20340","AT4G20340_P1"
"AT4G20340","AT4G20340_P2"
"AT4G20480","AT4G20480_ID2"
"AT4G20480","AT4G20480_P1"
"AT4G21400","AT4G21400_c1"
"AT4G21400","AT4G21400_P1"
"AT4G21400","AT4G21400_P7"
"AT4G22270","AT4G22270_ID2"
"AT4G22270","AT4G22270_P1"
"AT4G23190","AT4G23190_P1"
"AT4G23190","AT4G23190_P3"
"AT4G23330","AT4G23330_P2"
"AT4G23330","AT4G23330_P3"
"AT4G23770","AT4G23770_P1"
"AT4G23770","AT4G23770_P2"
"AT4G24015","AT4G24015_c11"
"AT4G24015","AT4G24015_c3"
"AT4G24015","AT4G24015_c8"
"AT4G24740","AT4G24740_P1"
"AT4G24740","AT4G24740_s5"
"AT4G25080","AT4G25080.1"
"AT4G25080","AT4G25080.3"
"AT4G25080","AT4G25080.5"
"AT4G25520","AT4G25520_P1"
"AT4G25520","AT4G25520_P2"
"AT4G26520","AT4G26520.1"
"AT4G26520","AT4G26520_ID5"
"AT4G26520","AT4G26520_ID8"
"AT4G26790","AT4G26790_ID1"
"AT4G26790","AT4G26790_ID2"
"AT4G26790","AT4G26790_P1"
"AT4G27040","AT4G27040_P1"
"AT4G27040","AT4G27040_P4"
"AT4G27040","AT4G27040_P6"
"AT4G27820","AT4G27820_P1"
"AT4G27820","AT4G27820_P2"
"AT4G27900","AT4G27900_P1"
"AT4G27900","AT4G27900_P2"
"AT4G28820","AT4G28820_ID3"
"AT4G28820","AT4G28820_ID4"
"AT4G31240","AT4G31240_ID1"
"AT4G31240","AT4G31240_P1"
"AT4G31240","AT4G31240_P2"
"AT4G32010","AT4G32010_JS3"
"AT4G32010","AT4G32010_P1"
"AT4G32250","AT4G32250_P1"
"AT4G32250","AT4G32250_P2"
"AT4G32660","AT4G32660_ID183"
"AT4G32660","AT4G32660_ID186"
"AT4G32660","AT4G32660_P1"
"AT4G34140","AT4G34140_JS20"
"AT4G34140","AT4G34140_P1"
"AT4G34140","AT4G34140_P7"
"AT4G34140","AT4G34140_s6"
"AT4G34265","AT4G34265_P1"
"AT4G34265","AT4G34265_P2"
"AT4G35140","AT4G35140_P1"
"AT4G35140","AT4G35140_P2"
"AT4G35785","AT4G35785_P2"
"AT4G35785","AT4G35785_P3"
"AT4G36050","AT4G36050_ID1"
"AT4G36050","AT4G36050_P1"
"AT4G36050","AT4G36050_P3"
"AT4G36190","AT4G36190.1"
"AT4G36190","AT4G36190_ID8"
"AT4G36250","AT4G36250_JC1"
"AT4G36250","AT4G36250_P1"
"AT4G38600","AT4G38600.1"
"AT4G38600","AT4G38600_JS3"
"AT4G39560","AT4G39560_P1"
"AT4G39560","AT4G39560_P2"
"AT5G01970","AT5G01970_ID2"
"AT5G01970","AT5G01970_P1"
"AT5G02520","AT5G02520_P1"
"AT5G02520","AT5G02520_P2"
"AT5G03830","AT5G03830_c4"
"AT5G03830","AT5G03830_JS4"
"AT5G03830","AT5G03830_JS6"
"AT5G03830","AT5G03830_s3"
"AT5G05610","AT5G05610_P1"
"AT5G05610","AT5G05610_P2"
"AT5G06265","AT5G06265_P1"
"AT5G06265","AT5G06265_P10"
"AT5G06265","AT5G06265_P2"
"AT5G06265","AT5G06265_s1"
"AT5G08500","AT5G08500_P1"
"AT5G08500","AT5G08500_P2"
"AT5G09330","AT5G09330_P1"
"AT5G09330","AT5G09330_P5"
"AT5G12840","AT5G12840.2"
"AT5G12840","AT5G12840_c4"
"AT5G12840","AT5G12840_P3"
"AT5G14090","AT5G14090.1"
"AT5G14090","AT5G14090_ID2"
"AT5G14550","AT5G14550.1"
"AT5G14550","AT5G14550.2"
"AT5G14550","AT5G14550_ID2"
"AT5G14550","AT5G14550_ID6"
"AT5G14610","AT5G14610.2"
"AT5G14610","AT5G14610_P6"
"AT5G15190","AT5G15190_ID2"
"AT5G15190","AT5G15190_P1"
"AT5G15190","AT5G15190_P2"
"AT5G16450","AT5G16450.2"
"AT5G16450","AT5G16450_P1"
"AT5G17240","AT5G17240_ID14"
"AT5G17240","AT5G17240_ID5"
"AT5G17240","AT5G17240_P1"
"AT5G17240","AT5G17240_P2"
"AT5G18100","AT5G18100.1"
"AT5G18100","AT5G18100_ID5"
"AT5G18230","AT5G18230.2"
"AT5G18230","AT5G18230_P1"
"AT5G18240","AT5G18240.1"
"AT5G18240","AT5G18240.4"
"AT5G18240","AT5G18240_ID22"
"AT5G18240","AT5G18240_JC4"
"AT5G18245","AT5G18245.1"
"AT5G18245","AT5G18245_ID40"
"AT5G18245","AT5G18245_ID42"
"AT5G18245","AT5G18245_JC12"
"AT5G18260","AT5G18260.1"
"AT5G18260","AT5G18260_ID1"
"AT5G18260","AT5G18260_ID3"
"AT5G18260","AT5G18260_ID4"
"AT5G21060","AT5G21060.2"
"AT5G21060","AT5G21060_P1"
"AT5G24155","AT5G24155_P2"
"AT5G24155","AT5G24155_P3"
"AT5G24155","AT5G24155_s2"
"AT5G24320","AT5G24320_P1"
"AT5G24320","AT5G24320_s2"
"AT5G24735","AT5G24735.1"
"AT5G24735","AT5G24735_ID3"
"AT5G24735","AT5G24735_s1"
"AT5G25630","AT5G25630_P1"
"AT5G25630","AT5G25630_P3"
"AT5G26180","AT5G26180_JC2"
"AT5G26180","AT5G26180_P1"
"AT5G26180","AT5G26180_P2"
"AT5G26180","AT5G26180_P3"
"AT5G27400","AT5G27400.1"
"AT5G27400","AT5G27400_ID1"
"AT5G27730","AT5G27730_ID1"
"AT5G27730","AT5G27730_ID9"
"AT5G27730","AT5G27730_P1"
"AT5G27950","AT5G27950_c1"
"AT5G27950","AT5G27950_P1"
"AT5G35738","AT5G35738_JC4"
"AT5G35738","AT5G35738_JS1"
"AT5G35738","AT5G35738_JS2"
"AT5G37055","AT5G37055_ID3"
"AT5G37055","AT5G37055_P1"
"AT5G37260","AT5G37260.1"
"AT5G37260","AT5G37260_ID2"
"AT5G37380","AT5G37380_P2"
"AT5G37380","AT5G37380_P3"
"AT5G37380","AT5G37380_P4"
"AT5G37380","AT5G37380_P5"
"AT5G37930","AT5G37930_ID1"
"AT5G37930","AT5G37930_P1"
"AT5G40500","AT5G40500_ID1"
"AT5G40500","AT5G40500_P1"
"AT5G40500","AT5G40500_P2"
"AT5G40550","AT5G40550_ID8"
"AT5G40550","AT5G40550_P1"
"AT5G40550","AT5G40550_P2"
"AT5G41100","AT5G41100_P1"
"AT5G41100","AT5G41100_P2"
"AT5G41610","AT5G41610_ID3"
"AT5G41610","AT5G41610_ID4"
"AT5G41610","AT5G41610_P1"
"AT5G41610","AT5G41610_P2"
"AT5G43270","AT5G43270_ID3"
"AT5G43270","AT5G43270_P2"
"AT5G43910","AT5G43910_ID1"
"AT5G43910","AT5G43910_ID7"
"AT5G43910","AT5G43910_P2"
"AT5G46150","AT5G46150_P1"
"AT5G46150","AT5G46150_P2"
"AT5G46470","AT5G46470_ID12"
"AT5G46470","AT5G46470_ID25"
"AT5G46470","AT5G46470_ID29"
"AT5G46500","AT5G46500_P1"
"AT5G46500","AT5G46500_P2"
"AT5G47380","AT5G47380_P2"
"AT5G47380","AT5G47380_P3"
"AT5G47380","AT5G47380_P4"
"AT5G47455","AT5G47455_ID3"
"AT5G47455","AT5G47455_ID4"
"AT5G47455","AT5G47455_ID9"
"AT5G48150","AT5G48150_P1"
"AT5G48150","AT5G48150_P2"
"AT5G48545","AT5G48545_c1"
"AT5G48545","AT5G48545_P1"
"AT5G48545","AT5G48545_s2"
"AT5G50330","AT5G50330_ID1"
"AT5G50330","AT5G50330_ID3"
"AT5G50330","AT5G50330_P1"
"AT5G50565","AT5G50565.1"
"AT5G50565","AT5G50565_ID6"
"AT5G51410","AT5G51410_JC5"
"AT5G51410","AT5G51410_P1"
"AT5G51410","AT5G51410_P2"
"AT5G52070","AT5G52070_c2"
"AT5G52070","AT5G52070_P1"
"AT5G52070","AT5G52070_P2"
"AT5G52070","AT5G52070_P3"
"AT5G52070","AT5G52070_P5"
"AT5G53010","AT5G53010_JC115"
"AT5G53010","AT5G53010_JC272"
"AT5G53010","AT5G53010_JS12"
"AT5G53130","AT5G53130.1"
"AT5G53130","AT5G53130_ID3"
"AT5G53360","AT5G53360_P1"
"AT5G53360","AT5G53360_P2"
"AT5G55530","AT5G55530_P1"
"AT5G55530","AT5G55530_P2"
"AT5G55530","AT5G55530_s1"
"AT5G56180","AT5G56180_P1"
"AT5G56180","AT5G56180_P3"
"AT5G56190","AT5G56190_P1"
"AT5G56190","AT5G56190_P2"
"AT5G56250","AT5G56250_P1"
"AT5G56250","AT5G56250_P2"
"AT5G56850","AT5G56850_ID41"
"AT5G56850","AT5G56850_P4"
"AT5G56850","AT5G56850_s5"
"AT5G58220","AT5G58220_P1"
"AT5G58220","AT5G58220_P3"
"AT5G58470","AT5G58470.1"
"AT5G58470","AT5G58470.2"
"AT5G58470","AT5G58470_s1"
"AT5G58470","AT5G58470_s2"
"AT5G58800","AT5G58800.2"
"AT5G58800","AT5G58800_ID1"
"AT5G58800","AT5G58800_ID2"
"AT5G58800","AT5G58800_ID3"
"AT5G59130","AT5G59130_P3"
"AT5G59130","AT5G59130_s4"
"AT5G59780","AT5G59780_P1"
"AT5G59780","AT5G59780_P2"
"AT5G60100","AT5G60100_JC11"
"AT5G60100","AT5G60100_P1"
"AT5G60100","AT5G60100_P3"
"AT5G60100","AT5G60100_P4"
"AT5G60100","AT5G60100_P5"
"AT5G60100","AT5G60100_P7"
"AT5G60170","AT5G60170.1"
"AT5G60170","AT5G60170.2"
"AT5G61270","AT5G61270_P1"
"AT5G61270","AT5G61270_P2"
"AT5G62130","AT5G62130_JS9"
"AT5G62130","AT5G62130_P1"
"AT5G62130","AT5G62130_P4"
"AT5G64360","AT5G64360_P2"
"AT5G64360","AT5G64360_P3"
"AT5G64360","AT5G64360_P6"
"AT5G64360","AT5G64360_P7"
"AT5G64390","AT5G64390.1"
"AT5G64390","AT5G64390.2"
"AT5G65060","AT5G65060_P1"
"AT5G65060","AT5G65060_s1"
"AT5G65060","AT5G65060_s2"
"AT5G66250","AT5G66250_ID1"
"AT5G66250","AT5G66250_ID2"
"AT5G66250","AT5G66250_P2"
"AT5G67140","AT5G67140_ID1"
"AT5G67140","AT5G67140_ID3"
"AT5G67140","AT5G67140_ID4"
"AT5G67140","AT5G67140_P1"
"AT5G67540","AT5G67540_P1"
"AT5G67540","AT5G67540_P2"
